,City,Country,temperature,humidity,cloudiness,wind_speed,latitude,longtitude
0,ostrovnoy,RU,0.96,95.0,97.0,6.86,68.0531,39.5131
1,mahebourg,MU,25.16,73.0,40.0,7.2,-20.4081,57.7
2,qaanaaq,GL,-20.91,76.0,33.0,3.64,77.484,-69.3632
3,zhuhai,CN,27.65,89.0,40.0,3.09,22.2769,113.5678
4,cape town,ZA,11.34,79.0,20.0,1.54,-33.9258,18.4232
5,atuona,PF,26.23,79.0,43.0,8.5,-9.8,-139.0333
6,flinders,AU,19.01,79.0,28.0,1.79,-34.5833,150.8552
7,opuwo,NA,18.46,55.0,4.0,1.0,-18.0607,13.84
8,tiksi,RU,-11.43,86.0,100.0,2.25,71.6872,128.8694
9,pushkinskiye gory,RU,7.57,94.0,100.0,5.61,57.0209,28.9103
10,aykhal,RU,-8.14,61.0,100.0,1.09,66.0,111.5
11,castro,BR,14.03,97.0,67.0,0.52,-24.7911,-50.0119
12,avarua,CK,25.03,88.0,100.0,3.09,-21.2078,-159.775
13,saskylakh,RU,-10.54,84.0,23.0,2.09,71.9167,114.0833
14,constitucion,CL,13.68,93.0,100.0,4.05,-35.3333,-72.4167
15,albany,US,6.66,54.0,100.0,0.37,42.6001,-73.9662
16,vilyuysk,RU,-1.55,90.0,100.0,0.95,63.7553,121.6247
17,ushuaia,AR,3.88,92.0,99.0,2.46,-54.8,-68.3
18,bambous virieux,MU,26.23,71.0,78.0,7.86,-20.3428,57.7575
19,kodinsk,RU,-1.62,79.0,100.0,3.75,58.6881,99.1844
20,teknaf,BD,32.64,58.0,33.0,3.94,20.8624,92.3058
21,busselton,AU,23.78,39.0,29.0,3.11,-33.65,115.3333
22,ambon,ID,35.08,55.0,40.0,3.09,-3.6954,128.1814
23,maragogi,BR,24.35,88.0,50.0,1.95,-9.0122,-35.2225
24,fallon,US,11.46,26.0,0.0,3.0,39.4735,-118.7774
25,kantang,TH,32.69,57.0,68.0,1.2,7.4054,99.5156
26,colonelganj,IN,41.1,7.0,0.0,8.26,27.1333,81.7
27,punta arenas,CL,5.06,93.0,100.0,2.14,-53.15,-70.9167
28,rikitea,PF,23.86,79.0,100.0,4.07,-23.1203,-134.9692
29,new norfolk,AU,17.8,49.0,10.0,1.4,-42.7826,147.0587
30,gobabis,NA,15.9,44.0,7.0,1.59,-22.45,18.9667
31,qingdao,CN,22.78,64.0,87.0,6.0,36.0986,120.3719
32,port hardy,CA,7.08,89.0,100.0,4.71,50.6996,-127.4199
33,arman,RU,2.79,57.0,100.0,1.86,59.7,150.1667
34,mamakan,RU,3.35,54.0,100.0,1.23,57.8161,114.0028
35,bethel,US,10.69,74.0,99.0,1.62,41.3712,-73.414
36,clinton,US,11.82,86.0,99.0,3.84,42.587,-82.9199
37,varhaug,NO,7.58,57.0,1.0,4.78,58.6147,5.6457
38,ayan,RU,-1.56,82.0,100.0,2.78,56.45,138.1667
39,mayor pablo lagerenza,PY,27.38,61.0,60.0,3.82,-19.9309,-60.7718
40,hermanus,ZA,13.9,59.0,64.0,2.37,-34.4187,19.2345
41,torbay,CA,0.55,95.0,100.0,7.72,47.6666,-52.7314
42,yellowknife,CA,-3.02,68.0,11.0,5.36,62.456,-114.3525
43,kruisfontein,ZA,14.38,76.0,35.0,8.17,-34.0033,24.7314
44,puerto ayora,EC,21.84,92.0,44.0,2.86,-0.7393,-90.3518
45,rosita,NI,21.49,99.0,17.0,1.1,13.9268,-84.4032
46,beloha,MG,25.24,71.0,100.0,4.78,-25.1667,45.05
47,port elizabeth,ZA,15.73,96.0,38.0,5.36,-33.918,25.5701
48,port alfred,ZA,16.21,94.0,40.0,2.24,-33.5906,26.891
49,garchitorena,PH,28.38,80.0,85.0,3.56,13.8804,123.6946
50,kodiak,US,4.86,92.0,100.0,6.31,57.79,-152.4072
51,mar del plata,AR,14.93,81.0,72.0,4.02,-38.0023,-57.5575
52,taybad,IR,22.0,42.0,81.0,6.47,34.74,60.7756
53,cabo san lucas,MX,20.88,72.0,0.0,5.25,22.8909,-109.9124
54,tiarei,PF,24.01,78.0,99.0,1.98,-17.5333,-149.3333
55,khatanga,RU,-9.3,85.0,98.0,2.91,71.9667,102.5
56,pisco,PE,16.68,95.0,20.0,0.91,-13.7,-76.2167
57,kolyvan,RU,-2.21,54.0,44.0,4.23,55.3053,82.7391
58,hofn,IS,6.6,76.0,73.0,2.15,64.2539,-15.2082
59,bontang,ID,29.51,69.0,90.0,3.4,0.1333,117.5
60,sault sainte marie,CA,6.9,76.0,100.0,8.23,46.5168,-84.3333
61,zhigansk,RU,-5.72,76.0,100.0,3.39,66.7697,123.3711
62,thompson,CA,-4.91,80.0,75.0,8.75,55.7435,-97.8558
63,pevek,RU,-9.08,92.0,97.0,1.06,69.7008,170.3133
64,nanortalik,GL,1.65,99.0,100.0,2.7,60.1432,-45.2371
65,bilibino,RU,-5.75,80.0,99.0,0.39,68.0546,166.4372
66,dikson,RU,-13.28,89.0,100.0,6.67,73.5069,80.5464
67,hambantota,LK,31.19,70.0,20.0,2.06,6.1241,81.1185
68,beja,TN,12.37,69.0,75.0,1.62,36.7256,9.1817
69,fortuna,US,9.74,91.0,100.0,2.06,40.5982,-124.1573
70,ponta do sol,PT,15.43,66.0,41.0,2.34,32.6667,-17.1
71,qasigiannguit,GL,-2.86,98.0,100.0,0.86,68.8193,-51.1922
72,butaritari,KI,27.41,78.0,76.0,5.04,3.0707,172.7902
73,virginia beach,US,17.07,73.0,31.0,1.34,36.8529,-75.978
74,hobyo,SO,30.19,60.0,82.0,4.72,5.3505,48.5268
75,saint george,US,13.47,25.0,0.0,6.69,37.1041,-113.5841
76,pontes e lacerda,BR,21.56,92.0,86.0,0.45,-15.2261,-59.3353
77,khor,RU,12.3,32.0,75.0,10.67,47.8861,134.9464
78,crotone,IT,19.55,65.0,87.0,3.65,39.0851,17.1178
79,baglung,NP,31.1,17.0,0.0,3.21,28.2719,83.5898
80,raglan,NZ,15.75,78.0,22.0,7.35,-37.8,174.8833
81,jamestown,US,15.2,50.0,33.0,1.34,42.097,-79.2353
82,sur,OM,33.92,36.0,55.0,2.56,22.5667,59.5289
83,araouane,ML,21.28,14.0,3.0,4.05,18.9048,-3.5265
84,emerald,AU,23.52,60.0,97.0,7.91,-23.5333,148.1667
85,launceston,AU,19.87,54.0,9.0,2.57,-41.45,147.1667
86,nikolskoye,RU,3.87,76.0,100.0,4.42,59.7035,30.7861
87,ambilobe,MG,27.97,69.0,82.0,3.37,-13.2,49.05
88,cidreira,BR,14.17,73.0,0.0,2.81,-30.1811,-50.2056
89,ternate,ID,28.77,75.0,44.0,2.84,0.8,127.4
90,tarauaca,BR,22.18,98.0,63.0,0.57,-8.1614,-70.7656
91,bella vista,US,22.11,63.0,0.0,9.26,36.4295,-94.2316
92,xichang,CN,27.6,39.0,15.0,2.1,27.8964,102.2634
93,antioch,TR,24.43,30.0,4.0,2.94,36.2066,36.1572
94,najran,SA,28.97,19.0,3.0,3.97,17.4924,44.1277
95,agirish,RU,3.18,92.0,77.0,1.48,61.9247,63.0231
96,mataura,NZ,10.27,77.0,98.0,3.57,-46.1927,168.8643
97,katsuura,JP,17.01,92.0,100.0,0.9,35.1333,140.3
98,shalinskoye,RU,-2.16,54.0,89.0,4.48,55.7228,93.7594
99,barrow,US,-10.99,92.0,100.0,4.12,71.2906,-156.7887
100,sorong,ID,29.62,70.0,100.0,3.64,-0.8833,131.25
101,kingston,JM,21.78,93.0,90.0,1.61,17.997,-76.7936
102,ketchikan,US,7.99,93.0,100.0,4.17,55.3422,-131.6461
103,kapaa,US,23.78,86.0,24.0,1.79,22.0752,-159.319
104,mbigou,GA,19.77,98.0,99.0,0.78,-1.9005,11.906
105,yakeshi,CN,9.45,30.0,100.0,5.61,49.2833,120.7333
106,hilo,US,22.33,90.0,67.0,0.89,19.7297,-155.09
107,whitehorse,CA,5.43,60.0,75.0,1.03,60.7161,-135.0538
108,bonthe,SL,26.3,89.0,100.0,1.92,7.5264,-12.505
109,bara,NG,27.46,65.0,61.0,6.34,10.3744,10.7288
110,lompoc,US,10.26,91.0,0.0,5.66,34.6391,-120.4579
111,port blair,IN,32.02,70.0,20.0,5.14,11.6667,92.75
112,bredasdorp,ZA,12.37,67.0,33.0,2.02,-34.5322,20.0403
113,thinadhoo,MV,29.46,68.0,100.0,3.52,0.5333,72.9333
114,koumac,NC,25.33,78.0,70.0,4.44,-20.5667,164.2833
115,faanui,PF,26.86,68.0,94.0,2.1,-16.4833,-151.75
116,xam nua,LA,30.04,42.0,39.0,2.56,20.4197,104.0439
117,east london,ZA,17.19,83.0,59.0,7.17,-33.0153,27.9116
118,sao filipe,CV,22.98,74.0,0.0,2.6,14.8961,-24.4956
119,deputatskiy,RU,-9.66,83.0,100.0,1.57,69.3,139.9
120,chuy,UY,11.01,75.0,0.0,2.9,-33.6971,-53.4616
121,sitka,US,4.77,96.0,100.0,2.56,57.0531,-135.33
122,forio,IT,14.95,88.0,58.0,2.24,40.7342,13.8646
123,russkaya polyana,UA,8.52,91.0,88.0,2.23,49.417,31.9201
124,san felipe,VE,21.78,95.0,100.0,1.82,10.3399,-68.7425
125,arraial do cabo,BR,24.35,84.0,41.0,3.9,-22.9661,-42.0278
126,margate,GB,10.39,83.0,99.0,2.68,51.3813,1.3862
127,aklavik,CA,-1.53,94.0,98.0,2.97,68.2191,-135.0107
128,lokosovo,RU,-1.96,77.0,68.0,2.87,61.1333,74.8167
129,paita,PE,20.24,84.0,51.0,4.38,-5.0892,-81.1144
130,cravo norte,CO,26.13,74.0,42.0,2.34,6.3017,-70.2041
131,motygino,RU,-1.69,79.0,100.0,4.23,58.1831,94.7592
132,west wendover,US,7.1,44.0,43.0,3.79,40.7391,-114.0733
133,adrar,MR,19.17,33.0,0.0,4.32,20.5022,-10.0711
134,melfi,IT,12.5,64.0,88.0,2.91,40.9965,15.6514
135,kibaya,TZ,17.69,91.0,99.0,1.68,-5.3,36.5667
136,iqaluit,CA,-18.37,90.0,50.0,1.38,63.7506,-68.5145
137,lavrentiya,RU,-4.25,87.0,98.0,0.55,65.5833,-171.0
138,morondava,MG,24.93,84.0,100.0,3.52,-20.2833,44.2833
139,vaini,TO,25.38,70.0,94.0,1.78,-21.2,-175.2
140,georgetown,MY,31.81,70.0,40.0,4.63,5.4112,100.3354
141,sanchazi,CN,17.33,23.0,70.0,3.14,42.0817,126.6003
142,sarai mir,IN,41.42,7.0,0.0,7.88,26.0167,82.9167
143,yichun,CN,10.94,22.0,39.0,7.22,47.7,128.9
144,plainview,US,10.5,74.0,87.0,2.01,40.7765,-73.4673
145,comodoro rivadavia,AR,10.86,57.0,35.0,6.61,-45.8667,-67.5
146,nardaran,AZ,16.8,51.0,0.0,7.2,40.5561,50.0056
147,nagua,DO,22.04,86.0,100.0,2.16,19.3832,-69.8474
148,ibra,OM,31.69,30.0,5.0,2.73,22.6906,58.5334
149,ganzhou,CN,28.61,66.0,44.0,2.92,28.8184,115.4327
150,talnakh,RU,-14.33,90.0,57.0,2.2,69.4865,88.3972
151,coahuayana,MX,20.64,84.0,0.0,1.18,18.7333,-103.6833
152,sinnamary,GF,24.38,90.0,98.0,2.01,5.3833,-52.95
153,porto novo,BJ,26.63,87.0,100.0,1.83,6.4965,2.6036
154,havoysund,NO,4.13,94.0,100.0,9.48,70.9963,24.6622
155,bjornevatn,NO,2.19,87.0,100.0,5.66,69.6672,29.9847
156,narsaq,GL,3.12,98.0,100.0,1.88,60.9167,-46.05
157,charlestown,AU,20.49,72.0,30.0,1.34,-32.95,151.6667
158,trat,TH,34.39,56.0,47.0,2.94,12.5,102.5
159,manado,ID,32.43,62.0,40.0,3.09,1.487,124.8455
160,trapani,IT,15.15,69.0,82.0,2.6,37.8333,12.6667
161,sao joao da barra,BR,24.58,71.0,13.0,5.74,-21.6403,-41.0511
162,saint-philippe,RE,26.53,74.0,86.0,6.69,-21.3585,55.7679
163,haines junction,CA,1.04,96.0,100.0,0.81,60.7522,-137.5108
164,kathmandu,NP,29.12,28.0,20.0,1.54,27.7167,85.3167
165,norman wells,CA,-1.31,96.0,46.0,2.07,65.282,-126.8329
166,brainerd,US,10.75,79.0,46.0,4.32,46.358,-94.2008
167,yumen,CN,23.87,10.0,66.0,2.2,40.2833,97.2
168,straumen,NO,4.0,77.0,33.0,1.27,63.8709,11.2999
169,camacha,PT,13.68,72.0,75.0,0.0,33.0833,-16.3333
170,teya,RU,-0.07,91.0,100.0,2.54,60.3778,92.6267
171,vitim,RU,2.44,61.0,100.0,3.01,59.4511,112.5578
172,antsohihy,MG,27.99,66.0,37.0,2.14,-14.8796,47.9875
173,kavieng,PG,29.4,63.0,97.0,4.52,-2.5744,150.7967
174,la esperanza,GT,9.94,97.0,98.0,1.15,14.8667,-91.5667
175,clyde river,CA,-22.3,94.0,52.0,2.08,70.4692,-68.5914
176,nador,MA,14.14,72.0,0.0,3.09,35.174,-2.9287
177,keflavik,IS,6.24,75.0,100.0,1.54,64.0049,-22.5624
178,faya,SA,21.49,33.0,11.0,4.54,18.3851,42.4509
179,chokurdakh,RU,-14.99,92.0,62.0,0.99,70.6333,147.9167
180,le marin,MQ,21.95,88.0,75.0,2.06,14.4721,-60.8697
181,tasiilaq,GL,-2.63,77.0,87.0,3.25,65.6145,-37.6368
182,udachnyy,RU,-6.47,54.0,100.0,0.77,66.4167,112.4
183,monrovia,LR,24.87,83.0,100.0,1.85,6.3005,-10.7969
184,burnie,AU,13.86,1.0,8.0,1.71,-41.0667,145.9167
185,kaitangata,NZ,9.64,71.0,94.0,5.83,-46.2817,169.8464
186,yamada,JP,14.41,63.0,100.0,5.99,39.4667,141.95
187,mackay,AU,22.99,94.0,75.0,10.8,-21.15,149.2
188,lagoa,PT,13.74,74.0,18.0,9.65,39.05,-27.9833
189,bluff,NZ,10.45,66.0,97.0,9.82,-46.6,168.3333
190,saint-georges,GD,24.94,78.0,14.0,5.59,12.0564,-61.7485
191,naryan-mar,RU,-6.23,85.0,93.0,3.69,67.6713,53.087
192,port hedland,AU,33.03,35.0,0.0,6.69,-20.3167,118.5667
193,hithadhoo,MV,29.38,72.0,100.0,3.34,-0.6,73.0833
194,beringovskiy,RU,-1.82,79.0,98.0,0.37,63.05,179.3167
195,codrington,AU,16.42,64.0,2.0,6.06,-38.2667,141.9667
196,ilulissat,GL,-2.99,93.0,100.0,2.06,69.2167,-51.1
197,coquimbo,CL,14.63,88.0,3.0,2.39,-29.9533,-71.3436
198,grand baie,MU,26.36,67.0,69.0,4.92,-20.0182,57.5802
199,kaabong,UG,21.84,67.0,84.0,5.98,3.4836,34.1492
200,lazaro cardenas,MX,23.57,78.0,7.0,1.95,17.9583,-102.2
201,luanda,AO,25.0,88.0,40.0,2.57,-8.8368,13.2343
202,rio gallegos,AR,6.63,85.0,100.0,1.4,-51.6226,-69.2181
203,namatanai,PG,28.96,63.0,65.0,3.92,-3.6667,152.4333
204,severo-kurilsk,RU,1.84,99.0,100.0,5.17,50.6789,156.125
205,hutang,CN,27.37,57.0,16.0,4.12,31.5333,119.4833
206,namioka,JP,23.75,17.0,0.0,7.2,40.7072,140.5894
207,mnogovershinnyy,RU,-3.53,91.0,100.0,5.19,53.9353,139.9242
208,san rafael del sur,NI,25.97,74.0,21.0,2.78,11.8485,-86.4384
209,paamiut,GL,-0.6,95.0,100.0,2.32,61.994,-49.6678
210,ribeira grande,PT,14.73,68.0,33.0,9.33,38.5167,-28.7
211,labuhan,ID,30.34,66.0,100.0,1.42,-6.8844,112.2051
212,mount gambier,AU,19.69,46.0,0.0,4.01,-37.8333,140.7667
213,pesca,CO,10.45,98.0,95.0,0.4,5.55,-73.05
214,mount isa,AU,25.87,73.0,100.0,3.09,-20.7333,139.5
215,le port,RE,25.46,44.0,92.0,3.22,-20.9373,55.2919
216,hobart,AU,17.28,61.0,20.0,4.12,-42.8794,147.3294
217,dublin,US,11.5,82.0,0.0,1.54,37.7021,-121.9358
218,salalah,OM,29.87,63.0,21.0,5.09,17.0151,54.0924
219,beisfjord,NO,5.03,87.0,46.0,0.68,68.3751,17.5988
220,ust-tsilma,RU,1.27,93.0,100.0,0.71,65.441,52.1498
221,marawi,PH,26.36,74.0,33.0,2.46,7.9986,124.2928
222,samana,DO,22.42,83.0,99.0,3.42,19.2056,-69.3369
223,koronowo,PL,6.31,81.0,14.0,1.98,53.3137,17.937
224,ekimchan,RU,0.02,83.0,100.0,3.01,53.0667,132.9667
225,carnarvon,AU,27.83,47.0,0.0,5.27,-24.8667,113.6333
226,saint-denis,FR,9.77,85.0,0.0,3.09,48.9167,2.3333
227,tabas,IR,29.12,21.0,6.0,2.06,33.5959,56.9244
228,san pedro,PH,32.9,61.0,20.0,4.63,14.35,121.0167
229,aketi,CD,23.34,91.0,83.0,1.57,2.7388,23.7833
230,moses lake,US,7.16,54.0,20.0,2.86,47.1301,-119.2781
231,mocuba,MZ,22.75,97.0,98.0,2.31,-16.8392,36.9856
232,hamilton,US,20.12,62.0,19.0,0.89,39.1834,-84.5333
233,san juan del sur,NI,26.09,78.0,0.0,5.6,11.2529,-85.8705
234,katobu,ID,29.8,72.0,67.0,2.19,-4.9408,122.5276
235,banjar,ID,28.63,84.0,73.0,1.27,-8.19,114.9675
236,provideniya,RU,-0.82,75.0,97.0,1.12,64.3833,-173.3
237,andradas,BR,16.13,82.0,0.0,0.49,-22.0681,-46.5692
238,bose,IT,8.75,87.0,100.0,1.24,45.4612,8.0137
239,manzhouli,CN,7.99,40.0,87.0,9.02,49.6,117.4333
240,lockhart,US,19.88,74.0,42.0,3.33,28.6194,-81.4426
241,anadyr,RU,-3.33,73.0,77.0,1.79,64.75,177.4833
242,bandarbeyla,SO,29.63,61.0,37.0,3.67,9.4942,50.8122
243,buchach,UA,8.64,69.0,72.0,2.35,49.0625,25.388
244,pasni,PK,28.62,67.0,1.0,5.09,25.2631,63.471
245,tuktoyaktuk,CA,-8.73,99.0,17.0,2.39,69.4541,-133.0374
246,okha,RU,-1.36,85.0,100.0,6.88,53.5739,142.9478
247,puerto escondido,MX,26.94,75.0,14.0,3.46,15.85,-97.0667
248,ancud,CL,11.79,87.0,100.0,14.27,-41.8697,-73.8203
249,lebu,CL,13.46,96.0,76.0,8.3,-37.6167,-73.65
250,port lincoln,AU,20.14,71.0,95.0,5.12,-34.7333,135.8667
251,leningradskiy,RU,-3.59,92.0,100.0,1.29,69.3833,178.4167
252,kajaani,FI,3.03,75.0,100.0,1.03,64.2273,27.7285
253,murray bridge,AU,26.21,35.0,40.0,6.28,-35.1167,139.2667
254,rocha,UY,10.89,74.0,0.0,2.47,-34.4833,-54.3333
255,tagusao,PH,29.4,72.0,86.0,2.56,9.1924,117.8141
256,cobija,BO,23.25,95.0,100.0,1.12,-11.0267,-68.7692
257,port-gentil,GA,21.98,94.0,75.0,0.51,-0.7193,8.7815
258,te anau,NZ,8.86,81.0,97.0,1.27,-45.4167,167.7167
259,hami,CN,26.55,12.0,4.0,2.0,42.8,93.45
260,pahrump,US,17.29,17.0,17.0,4.02,36.2083,-115.9839
261,fort frances,CA,6.7,41.0,100.0,2.57,48.5999,-93.4003
262,umtata,ZA,14.5,85.0,77.0,0.57,-31.5889,28.7844
263,markova,UA,9.04,73.0,42.0,1.58,48.6758,24.4138
264,saint-leu,RE,25.75,63.0,91.0,1.85,-21.15,55.2833
265,jalu,LY,19.99,46.0,0.0,3.5,29.0331,21.5482
266,alice springs,AU,20.68,32.0,75.0,7.2,-23.7,133.8833
267,zaraza,VE,24.62,76.0,8.0,3.82,9.3503,-65.3245
268,dingle,PH,31.51,61.0,78.0,4.71,10.9995,122.6711
269,bodden town,KY,25.87,74.0,100.0,5.81,19.2833,-81.25
270,griffith,US,21.17,58.0,0.0,7.2,41.5284,-87.4237
271,coihaique,CL,3.97,100.0,100.0,1.54,-45.5752,-72.0662
272,sao felix do xingu,BR,21.16,99.0,90.0,0.38,-6.6447,-51.995
273,santa rosa,PH,32.12,66.0,3.0,6.55,14.3122,121.1114
274,goderich,CA,9.39,78.0,99.0,10.44,43.7501,-81.7165
275,vila velha,BR,24.41,91.0,12.0,4.19,-20.3297,-40.2925
276,rabo de peixe,PT,13.49,85.0,40.0,7.72,37.8,-25.5833
277,soyo,AO,24.64,87.0,100.0,2.08,-6.1349,12.3689
278,cayenne,GF,25.05,1.0,100.0,1.03,4.9333,-52.3333
279,saldanha,ZA,13.74,73.0,2.0,3.2,-33.0117,17.9442
280,santa ines,BR,22.41,99.0,100.0,1.24,-3.6667,-45.38
281,hasaki,JP,17.22,91.0,100.0,3.74,35.7333,140.8333
282,slave lake,CA,3.01,88.0,32.0,2.1,55.2834,-114.769
283,christchurch,NZ,12.62,76.0,100.0,4.63,-43.5333,172.6333
284,kibakwe,TZ,21.6,84.0,100.0,1.58,-6.7167,36.3667
285,luderitz,NA,11.79,73.0,4.0,10.44,-26.6481,15.1594
286,san andres,CO,26.45,82.0,4.0,6.11,12.5847,-81.7006
287,pangnirtung,CA,-14.32,64.0,33.0,3.51,66.1451,-65.7125
288,san quintin,MX,14.69,85.0,0.0,3.01,30.4833,-115.95
289,union,US,11.5,75.0,100.0,2.06,40.6334,-74.2663
290,dudinka,RU,-14.1,90.0,91.0,1.51,69.4058,86.1778
291,florida,US,18.21,88.0,0.0,1.54,28.7505,-82.5001
292,madikeri,IN,29.05,44.0,95.0,1.71,12.4167,75.7333
293,esperance,AU,20.83,57.0,2.0,4.83,-33.8667,121.9
294,takoradi,GH,26.3,89.0,100.0,3.05,4.8845,-1.7554
295,lokomotivnyy,RU,8.73,33.0,92.0,3.89,53.0118,60.5684
296,khash,IR,26.76,20.0,10.0,1.55,28.2211,61.2158
297,mogok,MM,32.98,18.0,15.0,2.6,22.9167,96.5
298,mikkeli,FI,2.06,69.0,0.0,3.09,61.6886,27.2723
299,jiuquan,CN,23.57,10.0,37.0,3.63,39.7432,98.5174
300,betafo,MG,18.81,84.0,100.0,3.31,-19.8333,46.85
301,aitape,PG,29.21,72.0,63.0,2.8,-3.1374,142.3475
302,alofi,NU,26.53,72.0,36.0,2.65,-19.0595,-169.9187
303,yulara,AU,27.36,29.0,7.0,3.37,-25.2406,130.9889
304,kvarkeno,RU,10.07,34.0,93.0,6.31,52.0833,59.725
305,salinopolis,BR,23.83,91.0,100.0,2.94,-0.6136,-47.3561
306,chunhuhub,MX,21.32,98.0,8.0,1.15,19.55,-88.6833
307,dunedin,NZ,11.0,54.0,99.0,8.05,-45.8742,170.5036
308,nioro,GM,25.9,32.0,0.0,1.41,13.35,-15.75
309,upernavik,GL,-20.46,96.0,53.0,2.99,72.7868,-56.1549
310,airai,TL,24.27,42.0,22.0,1.89,-8.9266,125.4092
311,balkanabat,TM,21.97,42.0,4.0,2.24,39.5108,54.3671
312,syumsi,RU,9.7,71.0,97.0,0.87,57.1111,51.6149
313,loukhi,RU,2.48,86.0,95.0,2.46,66.0764,33.0381
314,baruun-urt,MN,15.01,14.0,32.0,6.54,46.6806,113.2792
315,miraflores,MX,19.37,59.0,56.0,1.4,19.2167,-98.8083
316,gunjur,GM,22.04,60.0,0.0,2.06,13.2019,-16.7339
317,wajima,JP,17.12,69.0,100.0,1.98,37.4,136.9
318,buala,SB,28.17,78.0,50.0,2.05,-8.145,159.5921
319,acari,PE,21.23,78.0,7.0,0.21,-15.4311,-74.6158
320,banfora,BF,26.02,69.0,87.0,1.4,10.6333,-4.7667
321,mandera,KE,29.08,58.0,83.0,5.74,3.9366,41.867
322,tshikapa,CD,21.57,99.0,100.0,0.41,-6.4167,20.8
323,juneau,US,4.78,95.0,100.0,1.84,58.3019,-134.4197
324,sidney,AU,21.38,57.0,20.0,4.12,-33.8679,151.2073
325,edd,ER,34.83,35.0,5.0,7.93,13.9297,41.6925
326,cockburn town,TC,25.08,74.0,99.0,8.57,21.4612,-71.1419
327,kizukuri,JP,20.63,31.0,98.0,2.7,40.8061,140.3861
328,vung tau,VN,29.39,73.0,89.0,4.76,10.346,107.0843
329,mahon,ES,13.31,76.0,0.0,3.09,39.8885,4.2658
330,biltine,TD,31.47,8.0,69.0,3.61,14.5333,20.9167
331,ishigaki,JP,29.07,79.0,75.0,4.12,24.3448,124.1572
332,morant bay,JM,23.89,83.0,75.0,3.44,17.8815,-76.4093
333,raduzhnyy,RU,-5.76,75.0,80.0,2.21,62.0961,77.475
334,san patricio,US,23.91,83.0,82.0,7.7,28.017,-97.5169
335,hulan ergi,CN,16.8,17.0,33.0,4.0,47.2042,123.6333
336,thayetmyo,MM,39.43,30.0,62.0,1.88,19.3167,95.1833
337,acapulco,MX,25.79,75.0,18.0,2.92,16.8634,-99.8901
338,port shepstone,ZA,20.65,80.0,8.0,3.27,-30.7414,30.455
339,tautira,PF,25.85,79.0,94.0,3.23,-17.7333,-149.15
340,la libertad,EC,22.33,85.0,65.0,3.83,-2.2333,-80.9
341,raymond,US,2.72,52.0,45.0,3.35,43.9015,-70.4703
342,road town,VG,25.08,67.0,100.0,7.48,18.4167,-64.6167
343,yar-sale,RU,-12.52,82.0,88.0,1.77,66.8333,70.8333
344,iwanai,JP,16.06,38.0,15.0,3.78,42.9744,140.5089
345,eseka,CM,22.26,98.0,100.0,0.45,3.65,10.7667
346,chiredzi,ZW,22.23,70.0,3.0,1.1,-21.05,31.6667
347,tigil,RU,1.25,100.0,100.0,2.15,57.8,158.6667
348,avera,US,14.52,91.0,3.0,2.89,33.194,-82.5271
349,muzhi,RU,-7.27,86.0,100.0,1.52,65.3667,64.6667
350,komsomolskiy,UZ,20.4,60.0,100.0,7.2,40.4272,71.7189
351,chapais,CA,-5.33,91.0,100.0,2.18,49.7834,-74.8492
352,biak,ID,28.41,75.0,37.0,1.12,-0.9131,122.8766
353,darhan,MN,9.02,20.0,79.0,2.45,49.4867,105.9228
354,daru,PG,27.22,86.0,100.0,2.35,-9.0763,143.2092
355,onokhoy,RU,6.51,21.0,9.0,4.58,51.932,108.0747
356,leh,IN,5.95,31.0,5.0,0.6,34.1667,77.5833
357,banda aceh,ID,30.78,67.0,96.0,3.07,5.5577,95.3222
358,alyangula,AU,28.93,79.0,100.0,3.6,-13.8483,136.4192
359,sorland,NO,5.67,81.0,100.0,4.45,67.667,12.6934
360,fort nelson,CA,-0.17,99.0,95.0,1.07,58.8053,-122.7002
361,boyolangu,ID,29.56,71.0,100.0,2.49,-8.1181,111.8935
362,datong,CN,25.65,11.0,88.0,7.48,40.0936,113.2914
363,vila franca do campo,PT,14.0,75.0,19.0,6.44,37.7167,-25.4333
364,akureyri,IS,5.49,83.0,84.0,1.42,65.6835,-18.0878
365,ulladulla,AU,19.87,79.0,58.0,2.91,-35.35,150.4667
366,ust-barguzin,RU,-0.44,67.0,99.0,2.13,53.45,108.9833
367,pampierstad,ZA,15.7,72.0,49.0,1.23,-27.7832,24.6877
368,zyryanovsk,KZ,4.83,41.0,42.0,2.65,49.7386,84.2719
369,cooma,AU,17.07,50.0,1.0,1.16,-36.2333,149.1333
370,sfantu gheorghe,RO,11.26,80.0,47.0,0.48,45.8667,25.7833
371,carballo,ES,10.23,90.0,62.0,2.21,43.213,-8.691
372,shimoda,JP,15.61,94.0,100.0,6.23,34.6667,138.95
373,novonukutskiy,RU,3.92,36.0,96.0,3.45,53.7002,102.7117
374,reguengos de monsaraz,PT,6.45,96.0,4.0,0.93,38.4253,-7.5349
375,ocean city,US,11.66,85.0,59.0,2.68,39.2776,-74.5746
376,qinhuangdao,CN,20.93,34.0,32.0,7.55,39.9317,119.5883
377,muskegon,US,21.95,49.0,0.0,9.77,43.3,-86.1334
378,kargasok,RU,-2.33,75.0,98.0,5.64,59.0556,80.8572
379,auki,SB,27.64,78.0,59.0,1.86,-8.7676,160.7034
380,kayseri,TR,15.01,44.0,0.0,0.0,38.737,35.4968
381,quanzhou,CN,31.29,52.0,3.0,5.73,24.9139,118.5858
382,nago,JP,22.24,80.0,87.0,4.01,26.5881,127.9761
383,medicine hat,CA,3.45,61.0,100.0,2.78,50.0501,-110.6683
384,cherskiy,RU,-5.74,87.0,100.0,2.62,68.75,161.3
385,santa maria,BR,10.71,82.0,0.0,2.01,-29.6842,-53.8069
386,north bend,US,7.12,98.0,0.0,1.22,43.4065,-124.2243
387,el alto,PE,20.11,82.0,42.0,4.43,-4.2714,-81.2147
388,geraldton,AU,31.23,29.0,6.0,5.66,-28.7667,114.6
389,souillac,MU,25.04,71.0,86.0,7.95,-20.5167,57.5167
390,la ronge,CA,-1.61,96.0,26.0,2.21,55.1001,-105.2842
391,namibe,AO,20.44,83.0,20.0,2.21,-15.1961,12.1522
392,westport,US,10.95,82.0,100.0,0.0,41.1415,-73.3579
393,juiz de fora,BR,16.12,95.0,24.0,1.63,-21.7642,-43.3503
394,lagos,NG,26.18,89.0,100.0,1.08,6.5833,3.75
395,half moon bay,US,11.41,79.0,100.0,6.17,37.4636,-122.4286
396,nelson bay,AU,21.13,70.0,2.0,4.35,-32.7167,152.15
397,tuatapere,NZ,9.54,77.0,100.0,5.7,-46.1333,167.6833
398,grindavik,IS,6.26,75.0,100.0,1.54,63.8424,-22.4338
399,xining,CN,13.44,45.0,93.0,1.93,36.6167,101.7667
400,kieta,PG,28.56,68.0,71.0,0.87,-6.2167,155.6333
401,kalabo,ZM,20.68,61.0,93.0,0.81,-14.97,22.6814
402,sambava,MG,25.31,87.0,99.0,3.64,-14.2667,50.1667
403,wawa,NG,27.83,63.0,100.0,2.92,9.9022,4.4192
404,manama,BH,28.99,37.0,0.0,3.09,26.2154,50.5832
405,labuan,MY,29.01,74.0,13.0,3.48,5.2767,115.2417
406,wexford,IE,9.01,84.0,43.0,9.82,52.3342,-6.4575
407,kyren,RU,4.73,49.0,100.0,2.05,51.6828,102.1408
408,boquira,BR,19.78,78.0,42.0,1.04,-12.8231,-42.7306
409,bathsheba,BB,25.46,70.0,29.0,6.52,13.2167,-59.5167
410,ogbomosho,NG,23.47,95.0,100.0,1.91,8.133,4.25
411,longyearbyen,SJ,-9.09,62.0,40.0,8.23,78.2186,15.6401
412,diu,IN,33.48,33.0,30.0,5.64,20.7141,70.9822
413,shebalino,RU,-0.53,55.0,100.0,3.89,51.2917,85.6772
414,kalat,PK,23.72,12.0,35.0,6.32,29.0225,66.5916
415,hare bay,CA,-0.36,95.0,100.0,6.46,48.8499,-54.0148
416,kirkuk,IQ,27.4,13.0,100.0,1.83,35.4681,44.3922
417,tabou,CI,25.51,86.0,84.0,2.67,4.423,-7.3528
418,ahipara,NZ,17.45,75.0,52.0,6.71,-35.1667,173.1667
419,byron bay,AU,21.64,67.0,18.0,7.0,-28.65,153.6167
420,isangel,VU,26.2,74.0,30.0,5.61,-19.55,169.2667
421,saint-joseph,RE,25.97,68.0,86.0,6.24,-21.3667,55.6167
422,susuman,RU,-4.31,64.0,100.0,3.39,62.7833,148.1667
423,plattling,DE,10.14,75.0,80.0,0.71,48.7833,12.8667
424,arenapolis,BR,21.93,92.0,100.0,1.77,-14.4503,-56.8461
425,tocopilla,CL,17.7,71.0,26.0,0.75,-22.092,-70.1979
426,arroyo,ES,2.94,88.0,0.0,2.57,41.6096,-4.7969
427,hastings,GB,9.69,82.0,99.0,7.97,50.8552,0.5729
428,okhotsk,RU,0.29,92.0,9.0,2.17,59.3833,143.3
429,maniitsoq,GL,-0.61,98.0,100.0,4.83,65.4167,-52.9
430,meulaboh,ID,30.66,67.0,86.0,3.39,4.1363,96.1285
431,cartagena del chaira,CO,22.08,99.0,51.0,1.2,1.3349,-74.8429
432,macau,MO,26.86,89.0,40.0,3.09,22.2006,113.5461
433,svodin,SK,11.51,87.0,91.0,5.61,47.9105,18.4997
434,victoria,HK,29.05,80.0,27.0,4.92,22.2855,114.1577
435,dong xoai,VN,33.73,49.0,49.0,1.24,11.5333,106.9167
436,zaysan,KZ,6.5,49.0,100.0,8.26,47.4667,84.8667
437,sioux lookout,CA,1.58,100.0,100.0,4.03,50.1001,-91.917
438,waipawa,NZ,11.22,81.0,49.0,3.06,-41.4122,175.5153
439,vila do maio,CV,24.44,77.0,4.0,6.51,15.1333,-23.2167
440,brae,GB,7.43,72.0,99.0,7.01,60.3964,-1.353
441,russkiy aktash,RU,11.23,56.0,90.0,2.66,55.0384,52.1214
442,kokstad,ZA,13.48,90.0,21.0,1.97,-30.5472,29.4241
443,lucapa,AO,19.56,91.0,97.0,0.89,-8.4192,20.7447
444,birjand,IR,23.79,24.0,1.0,0.7,32.8663,59.2211
445,ingham,US,20.39,56.0,0.0,3.09,42.6,-84.3833
446,henties bay,NA,15.31,84.0,90.0,3.62,-22.116,14.2845
447,tilichiki,RU,-1.66,84.0,97.0,3.11,60.4667,166.1
448,doha,QA,28.99,48.0,0.0,5.14,25.2867,51.5333
449,makakilo city,US,22.04,79.0,100.0,0.0,21.3469,-158.0858
450,lorengau,PG,28.21,77.0,87.0,3.5,-2.0226,147.2712
451,anan,JP,16.88,94.0,100.0,1.03,33.9167,134.65
452,synya,RU,-0.68,75.0,100.0,0.97,65.3718,58.0387
453,thanatpin,MM,35.1,29.0,42.0,3.52,17.2119,96.3033
454,altagracia de orituco,VE,21.39,87.0,29.0,2.95,9.8601,-66.3814
455,anqing,CN,30.77,47.0,2.0,3.59,30.5092,117.0506
456,nome,US,3.42,77.0,100.0,0.81,64.5011,-165.4064
457,lahaina,US,23.27,93.0,55.0,4.71,20.8783,-156.6825
458,hereford,GB,8.25,85.0,89.0,0.45,52.0568,-2.7148
459,san ramon de la nueva oran,AR,18.64,95.0,97.0,0.49,-23.1322,-64.326
460,manuk mangkaw,PH,28.94,69.0,15.0,0.44,4.8,119.85
461,prainha,BR,22.67,98.0,100.0,1.04,-1.8,-53.48
462,pacific grove,US,10.63,87.0,0.0,1.79,36.6177,-121.9166
463,tam ky,VN,31.76,65.0,32.0,3.67,15.5667,108.4833
464,atasu,KZ,11.28,19.0,97.0,9.13,48.6814,71.6433
465,seshcha,RU,8.76,92.0,100.0,5.36,53.7361,33.3387
466,norilsk,RU,-14.21,89.0,74.0,1.88,69.3535,88.2027
467,los teques,VE,15.5,93.0,59.0,0.96,10.3445,-67.0433
468,san cristobal,VE,19.29,97.0,100.0,0.89,7.7669,-72.225
469,san ramon,US,11.39,76.0,0.0,1.54,37.7799,-121.978
470,horta,PT,14.08,69.0,33.0,9.13,38.5333,-28.6333
471,poum,NC,25.55,73.0,58.0,3.45,-20.2333,164.0167
472,sawtell,AU,22.01,53.0,40.0,6.69,-30.3833,153.1
473,seoul,KR,23.41,56.0,0.0,4.63,37.5683,126.9778
474,plettenberg bay,ZA,14.81,83.0,68.0,3.69,-34.0527,23.3716
475,oranjestad,AW,26.6,79.0,98.0,7.97,12.524,-70.027
476,belmonte,BR,24.86,89.0,17.0,1.71,-15.8631,-38.8828
477,bundaberg,AU,25.12,64.0,40.0,10.8,-24.85,152.35
478,samarinda,ID,29.63,82.0,58.0,0.97,-0.5,117.15
479,zhezkazgan,KZ,3.99,93.0,100.0,9.0,47.8043,67.7144
480,abonnema,NG,25.09,89.0,100.0,0.72,4.7084,6.7931
481,narok,KE,17.37,87.0,100.0,1.69,-1.0783,35.8601
482,muravlenko,RU,-5.43,85.0,100.0,3.38,63.7898,74.523
483,necochea,AR,15.35,69.0,56.0,6.04,-38.5473,-58.7368
484,talcahuano,CL,13.44,93.0,78.0,8.89,-36.7167,-73.1167
485,san-pedro,CI,24.5,92.0,90.0,2.52,4.7485,-6.6363
486,bismarck,US,0.53,94.0,75.0,12.35,46.8083,-100.7837
487,pinotepa de don luis,MX,22.3,80.0,21.0,0.68,16.4167,-97.9167
488,mizan teferi,ET,20.99,79.0,79.0,0.54,6.9833,35.5833
489,bonfim,BR,25.77,78.0,100.0,2.81,3.0833,-59.95
490,oga,IT,1.29,97.0,91.0,2.68,46.4631,10.347
491,bouca,CF,25.16,66.0,99.0,2.4,6.5105,18.2733
492,bolobo,CD,22.21,89.0,100.0,1.39,-2.1667,16.2333
493,nuuk,GL,0.34,86.0,75.0,4.63,64.1835,-51.7216
494,baylo,PH,29.75,76.0,73.0,1.92,7.8539,126.0581
495,fuxin,CN,21.8,17.0,100.0,2.92,42.0156,121.6589
496,chernaya kholunitsa,RU,7.95,73.0,100.0,1.87,58.8511,51.7154
497,havelock,US,17.45,86.0,4.0,2.53,34.8791,-76.9013
498,traverse city,US,19.99,57.0,100.0,7.25,44.7631,-85.6206
499,champoton,MX,25.17,73.0,4.0,5.2,19.35,-90.7167
